user_input,docs,n_commands,output,intermediate_steps
"Set wind conditions at 40.7128, -74.0060 for all altitudes with a direction of 270 degrees and speed of 15 knots.","WIND: wind
Define a wind vector (or a profile) at a specified position (and optionally at altitude). At one lat/lon position different wind vectors can be defined at different altitudes, will be interpolated with the inverse distance
Usage:
WIND lat,lon,alt/*,dir,spd,[alt,dir,spd,alt,...]

Arguments:

Name | Type      | Required | Description                     
-----+-----------+----------+---------------------------------
lat  | float     | Yes      | [[Latitude                      
lon  | float     | Yes      | [[Longitude                     
alt  | float/txt | Yes      | * means all altitudes[Altitude]]
dir  | float/txt | Yes      | Wind directionfloat             
spd  | float/txt | Yes      | Wind speeds[[Speed]

#####",1,"Since the wind conditions have been set successfully, I will respond directly without using a tool. The wind conditions at 40.7128, -74.0060 for all altitudes have been set to a direction of 270 degrees and a speed of 15 knots.","Action: SendCommand, Command: {""command"": ""SET_WIND 40.7128 -74.0060 270 15""}, Invoke: 
Invoking: `SendCommand` with `{'command': 'SET_WIND 40.7128 -74.0060 270 15'}`


, Response: IC: Opened simple\bluesky_operations\A1A2A3.scn
Noise is now off
Simulation reset. Traffic data cleared.
A1 created
A2 created
A3 created
Unknown command: SET_WIND

Please use a tool QueryDatabase to search for the correct command.

Action: QueryDatabase, Command: {""input"": ""how to set wind conditions""}, Invoke: 
Invoking: `QueryDatabase` with `{'input': 'how to set wind conditions'}`


, Response: {'ids': [['WIND', 'GETWIND', 'NOISE', 'IC', 'RMETHH']], 'distances': [[0.5160363937059271, 0.5799487185228076, 0.6201203960339715, 0.6514453589088121, 0.6618650270799857]], 'metadatas': [[{'command': 'WIND'}, {'command': 'GETWIND'}, {'command': 'NOISE'}, {'command': 'IC'}, {'command': 'RMETHH'}]], 'embeddings': None, 'documents': [['WIND: wind\nDefine a wind vector (or a profile) at a specified position (and optionally at altitude). At one lat/lon position different wind vectors can be defined at different altitudes, will be interpolated with the inverse distance\nUsage:\nWIND lat,lon,alt/*,dir,spd,[alt,dir,spd,alt,...]\n\nArguments:\n\nName | Type      | Required | Description                     \n-----+-----------+----------+---------------------------------\nlat  | float     | Yes      | [[Latitude                      \nlon  | float     | Yes      | [[Longitude                     \nalt  | float/txt | Yes      | * means all altitudes[Altitude]]\ndir  | float/txt | Yes      | Wind directionfloat             \nspd  | float/txt | Yes      | Wind speeds[[Speed]', 'GETWIND: Getwind\nGet wind at a specified position (and optionally at altitude). The result are wind speed [kts] and direction [deg].\nUsage:\nGETWIND lat,lon,[alt]\n\nArguments:\n\nName | Type      | Required | Description\n-----+-----------+----------+------------\nlat  | float     | Yes      | [[Latitude \nlon  | float     | Yes      | [[Longitude\nalt  | float/txt | No       | [[Altitude', 'NOISE: Noise\nTurbulence & noise switch. This function is used to turn on aerodynamic turbulence and ADSB noise. If no argument is given, the current noise status is displayed.\nTurbulence\nAll aircraft movements are distorted slightly in perpendicular-to-flight direction, horizontally and vertically.\nADSB noise\nReception of ADSB communication between aircraft is distorted. Therefore, aircraft have reduced situational awareness accuracy.\nUsage:\nNOISE [setting]\n\nArguments:\n\nName    | Type | Required | Description \n--------+------+----------+-------------\nSetting | txt  | no       | [[Indication', ""IC: Initial Condition\nLoad a new scenario file (an initial condition), or re-load the previous scenario file again. When called without arguments an Open file dialog is shown. When called as:\nIC IC\n\nthe same scenario file is run as the last time an IC command was issued (which is saved in the IC.scn file).\nUsage:\nIC [IC/filename]\n\nArguments:\n\nName     | Type   | Required | Description                                   \n---------+--------+----------+-----------------------------------------------\nIC       | string | no       | 'IC IC' reloads the current initial condition.\nfilename | string | no       | Load the scenario in file 'filename'"", 'RMETHH: Rmethh\nSet resolution method to be used horizontally on speed (SPD) or heading (HDG).\nUsage:\nRMETHH [method]\n\nArguments:\n\nName   | Type | Required | Description          \n-------+------+----------+----------------------\nmethod | txt  | Yes      | Horizontal method [1]\n\n\n[1] The available option for horizontal methods are: BOTH, SPD, HDG, NONE, ON, OFF, OF']], 'uris': None, 'data': None}

Action: SendCommand, Command: {""command"": ""WIND 40.7128 -74.0060 270 15""}, Invoke: 
Invoking: `SendCommand` with `{'command': 'WIND 40.7128 -74.0060 270 15'}`


, Response: Command executed successfully."
"Set wind conditions at 40.7128, -74.0060 for all altitudes with a direction of 270 degrees and speed of 15 knots.","WIND: wind
Define a wind vector (or a profile) at a specified position (and optionally at altitude). At one lat/lon position different wind vectors can be defined at different altitudes, will be interpolated with the inverse distance
Usage:
WIND lat,lon,alt/*,dir,spd,[alt,dir,spd,alt,...]

Arguments:

Name | Type      | Required | Description                     
-----+-----------+----------+---------------------------------
lat  | float     | Yes      | [[Latitude                      
lon  | float     | Yes      | [[Longitude                     
alt  | float/txt | Yes      | * means all altitudes[Altitude]]
dir  | float/txt | Yes      | Wind directionfloat             
spd  | float/txt | Yes      | Wind speeds[[Speed]

#####",1,The wind conditions have been set successfully.,"Action: SendCommand, Command: {""command"": ""SET_WIND 40.7128 -74.0060 270 15""}, Invoke: 
Invoking: `SendCommand` with `{'command': 'SET_WIND 40.7128 -74.0060 270 15'}`


, Response: IC: Opened simple\bluesky_operations\A1A2A3.scn
Noise is now off
Simulation reset. Traffic data cleared.
A1 created
A2 created
A3 created
Unknown command: SET_WIND

Please use a tool QueryDatabase to search for the correct command.

Action: QueryDatabase, Command: {""input"": ""how do I set wind conditions""}, Invoke: 
Invoking: `QueryDatabase` with `{'input': 'how do I set wind conditions'}`


, Response: {'ids': [['WIND', 'GETWIND', 'NOISE', 'IC', 'RMETHH']], 'distances': [[0.5179799960221445, 0.5821314374983122, 0.6105190857510743, 0.6431758459440078, 0.6712597271533329]], 'metadatas': [[{'command': 'WIND'}, {'command': 'GETWIND'}, {'command': 'NOISE'}, {'command': 'IC'}, {'command': 'RMETHH'}]], 'embeddings': None, 'documents': [['WIND: wind\nDefine a wind vector (or a profile) at a specified position (and optionally at altitude). At one lat/lon position different wind vectors can be defined at different altitudes, will be interpolated with the inverse distance\nUsage:\nWIND lat,lon,alt/*,dir,spd,[alt,dir,spd,alt,...]\n\nArguments:\n\nName | Type      | Required | Description                     \n-----+-----------+----------+---------------------------------\nlat  | float     | Yes      | [[Latitude                      \nlon  | float     | Yes      | [[Longitude                     \nalt  | float/txt | Yes      | * means all altitudes[Altitude]]\ndir  | float/txt | Yes      | Wind directionfloat             \nspd  | float/txt | Yes      | Wind speeds[[Speed]', 'GETWIND: Getwind\nGet wind at a specified position (and optionally at altitude). The result are wind speed [kts] and direction [deg].\nUsage:\nGETWIND lat,lon,[alt]\n\nArguments:\n\nName | Type      | Required | Description\n-----+-----------+----------+------------\nlat  | float     | Yes      | [[Latitude \nlon  | float     | Yes      | [[Longitude\nalt  | float/txt | No       | [[Altitude', 'NOISE: Noise\nTurbulence & noise switch. This function is used to turn on aerodynamic turbulence and ADSB noise. If no argument is given, the current noise status is displayed.\nTurbulence\nAll aircraft movements are distorted slightly in perpendicular-to-flight direction, horizontally and vertically.\nADSB noise\nReception of ADSB communication between aircraft is distorted. Therefore, aircraft have reduced situational awareness accuracy.\nUsage:\nNOISE [setting]\n\nArguments:\n\nName    | Type | Required | Description \n--------+------+----------+-------------\nSetting | txt  | no       | [[Indication', ""IC: Initial Condition\nLoad a new scenario file (an initial condition), or re-load the previous scenario file again. When called without arguments an Open file dialog is shown. When called as:\nIC IC\n\nthe same scenario file is run as the last time an IC command was issued (which is saved in the IC.scn file).\nUsage:\nIC [IC/filename]\n\nArguments:\n\nName     | Type   | Required | Description                                   \n---------+--------+----------+-----------------------------------------------\nIC       | string | no       | 'IC IC' reloads the current initial condition.\nfilename | string | no       | Load the scenario in file 'filename'"", 'RMETHH: Rmethh\nSet resolution method to be used horizontally on speed (SPD) or heading (HDG).\nUsage:\nRMETHH [method]\n\nArguments:\n\nName   | Type | Required | Description          \n-------+------+----------+----------------------\nmethod | txt  | Yes      | Horizontal method [1]\n\n\n[1] The available option for horizontal methods are: BOTH, SPD, HDG, NONE, ON, OFF, OF']], 'uris': None, 'data': None}

Action: SendCommand, Command: {""command"": ""WIND 40.7128 -74.0060 270 15""}, Invoke: 
Invoking: `SendCommand` with `{'command': 'WIND 40.7128 -74.0060 270 15'}`


, Response: Command executed successfully."
Set the velocity threshold to 3 knots.,"CASMACHTHR: CASMachThr
Changes the threshold at which a velocity value is taken as a Mach number instead of CAS [kts].
Usage:
CASMACHTHR threshold

Arguments 1:

Name      | Type | Required | Description                                                                            
----------+------+----------+----------------------------------------------------------------------------------------
threshold | int  | yes      | The value under which a velocity value is taken as a Mach number instead of CAS in kts.


Example:

CASMACHTHR 3

Then, when a speed command is used, any value given below 3 is taken as a Mach number, any value above 3 is taken as kts.
Mach number:
SPD 2

Knots:
SPD 5

#####",1,The velocity threshold has been set to 3 knots.,"Action: SendCommand, Command: {""command"": ""SETVELTHRESHOLD 3""}, Invoke: 
Invoking: `SendCommand` with `{'command': 'SETVELTHRESHOLD 3'}`


, Response: IC: Opened simple\bluesky_operations\A1A2A3.scn
Noise is now off
Simulation reset. Traffic data cleared.
A1 created
A2 created
A3 created
Unknown command: SETVELTHRESHOLD

Please use a tool QueryDatabase to search for the correct command.

Action: QueryDatabase, Command: {""input"": ""how to set velocity threshold""}, Invoke: 
Invoking: `QueryDatabase` with `{'input': 'how to set velocity threshold'}`


, Response: {'ids': [['CASMACHTHR', 'THR', 'RMETHV', 'ATSPD', 'RMETHH']], 'distances': [[0.531515739310962, 0.6367078639558916, 0.6534010390888048, 0.6879473398997455, 0.6914005553262323]], 'metadatas': [[{'command': 'CASMACHTHR'}, {'command': 'THR'}, {'command': 'RMETHV'}, {'command': 'ATSPD'}, {'command': 'RMETHH'}]], 'embeddings': None, 'documents': [['CASMACHTHR: CASMachThr\nChanges the threshold at which a velocity value is taken as a Mach number instead of CAS [kts].\nUsage:\nCASMACHTHR threshold\n\nArguments 1:\n\nName      | Type | Required | Description                                                                            \n----------+------+----------+----------------------------------------------------------------------------------------\nthreshold | int  | yes      | The value under which a velocity value is taken as a Mach number instead of CAS in kts.\n\n\nExample:\n\nCASMACHTHR 3\n\nThen, when a speed command is used, any value given below 3 is taken as a Mach number, any value above 3 is taken as kts.\nMach number:\nSPD 2\n\nKnots:\nSPD 5', 'THR: Set throttle setting or AUTO\nBy default, the autothrottle system is on, but this command allows to override this with a value between 0 and 1 or 0% and 100%. Setting it to AUTO enables the ATS (autothrottle system) again.\nUsage:\nTHR acid [throttle]\n\nArguments:\n\nName     | Type            | Required | Description         \n---------+-----------------+----------+---------------------\nacid     | string          | yes      | Aircraft id         \nthrottle | AUTO/IDLE/float | No       | The throttle setting', 'RMETHV: Rmethv\nSet resolution method to be used vertically on vertical speed (V/S)\nUsage:\nRMETHV [method]\n\nArguments:\n\nName   | Type | Required | Description        \n-------+------+----------+--------------------\nmethod | txt  | Yes      | Vertical method [1]\n\n\n[1] The available option for vertical methods are: NONE, ON, OFF, OF, V/S', 'ATSPD: acid ATSPD spd give a command\nWhen an aircraft reaches a given speed, execute the given command. reaching the speed is detected by a sign change of the difference between current value and target value of the condition\nThe issued command can be any command for any a/c id. It could even be another ATSPD command which will only be active after reaching this speed.\nUsage:\nacid ATSPD spd, cmdtxt\n\nArguments:\n\nName   | Type   | Required | Description                                         \n-------+--------+----------+-----------------------------------------------------\nacid   | txt    | Yes      | Aircraft id                                         \nspd    | float  | Yes      | Speed                                               \ncmdtxt | string | Yes      | Full command line to be issued when condition is met', 'RMETHH: Rmethh\nSet resolution method to be used horizontally on speed (SPD) or heading (HDG).\nUsage:\nRMETHH [method]\n\nArguments:\n\nName   | Type | Required | Description          \n-------+------+----------+----------------------\nmethod | txt  | Yes      | Horizontal method [1]\n\n\n[1] The available option for horizontal methods are: BOTH, SPD, HDG, NONE, ON, OFF, OF']], 'uris': None, 'data': None}

Action: SendCommand, Command: {""command"": ""CASMACHTHR 3""}, Invoke: 
Invoking: `SendCommand` with `{'command': 'CASMACHTHR 3'}`


, Response: CASMACHTHR: Set CAS/Mach threshold to 3.0
"
Set the velocity threshold to 3 knots.,"CASMACHTHR: CASMachThr
Changes the threshold at which a velocity value is taken as a Mach number instead of CAS [kts].
Usage:
CASMACHTHR threshold

Arguments 1:

Name      | Type | Required | Description                                                                            
----------+------+----------+----------------------------------------------------------------------------------------
threshold | int  | yes      | The value under which a velocity value is taken as a Mach number instead of CAS in kts.


Example:

CASMACHTHR 3

Then, when a speed command is used, any value given below 3 is taken as a Mach number, any value above 3 is taken as kts.
Mach number:
SPD 2

Knots:
SPD 5

#####",1,The velocity threshold has been set to 3 knots.,"Action: SendCommand, Command: {""command"": ""SETVELTHRESHOLD 3""}, Invoke: 
Invoking: `SendCommand` with `{'command': 'SETVELTHRESHOLD 3'}`


, Response: IC: Opened simple\bluesky_operations\A1A2A3.scn
Noise is now off
Simulation reset. Traffic data cleared.
A1 created
A2 created
A3 created
Unknown command: SETVELTHRESHOLD

Please use a tool QueryDatabase to search for the correct command.

Action: QueryDatabase, Command: {""input"": ""how to set velocity threshold""}, Invoke: 
Invoking: `QueryDatabase` with `{'input': 'how to set velocity threshold'}`


, Response: {'ids': [['CASMACHTHR', 'THR', 'RMETHV', 'ATSPD', 'RMETHH']], 'distances': [[0.5315823698395261, 0.6367189620938665, 0.6533860533085196, 0.6879486782695715, 0.691388510654112]], 'metadatas': [[{'command': 'CASMACHTHR'}, {'command': 'THR'}, {'command': 'RMETHV'}, {'command': 'ATSPD'}, {'command': 'RMETHH'}]], 'embeddings': None, 'documents': [['CASMACHTHR: CASMachThr\nChanges the threshold at which a velocity value is taken as a Mach number instead of CAS [kts].\nUsage:\nCASMACHTHR threshold\n\nArguments 1:\n\nName      | Type | Required | Description                                                                            \n----------+------+----------+----------------------------------------------------------------------------------------\nthreshold | int  | yes      | The value under which a velocity value is taken as a Mach number instead of CAS in kts.\n\n\nExample:\n\nCASMACHTHR 3\n\nThen, when a speed command is used, any value given below 3 is taken as a Mach number, any value above 3 is taken as kts.\nMach number:\nSPD 2\n\nKnots:\nSPD 5', 'THR: Set throttle setting or AUTO\nBy default, the autothrottle system is on, but this command allows to override this with a value between 0 and 1 or 0% and 100%. Setting it to AUTO enables the ATS (autothrottle system) again.\nUsage:\nTHR acid [throttle]\n\nArguments:\n\nName     | Type            | Required | Description         \n---------+-----------------+----------+---------------------\nacid     | string          | yes      | Aircraft id         \nthrottle | AUTO/IDLE/float | No       | The throttle setting', 'RMETHV: Rmethv\nSet resolution method to be used vertically on vertical speed (V/S)\nUsage:\nRMETHV [method]\n\nArguments:\n\nName   | Type | Required | Description        \n-------+------+----------+--------------------\nmethod | txt  | Yes      | Vertical method [1]\n\n\n[1] The available option for vertical methods are: NONE, ON, OFF, OF, V/S', 'ATSPD: acid ATSPD spd give a command\nWhen an aircraft reaches a given speed, execute the given command. reaching the speed is detected by a sign change of the difference between current value and target value of the condition\nThe issued command can be any command for any a/c id. It could even be another ATSPD command which will only be active after reaching this speed.\nUsage:\nacid ATSPD spd, cmdtxt\n\nArguments:\n\nName   | Type   | Required | Description                                         \n-------+--------+----------+-----------------------------------------------------\nacid   | txt    | Yes      | Aircraft id                                         \nspd    | float  | Yes      | Speed                                               \ncmdtxt | string | Yes      | Full command line to be issued when condition is met', 'RMETHH: Rmethh\nSet resolution method to be used horizontally on speed (SPD) or heading (HDG).\nUsage:\nRMETHH [method]\n\nArguments:\n\nName   | Type | Required | Description          \n-------+------+----------+----------------------\nmethod | txt  | Yes      | Horizontal method [1]\n\n\n[1] The available option for horizontal methods are: BOTH, SPD, HDG, NONE, ON, OFF, OF']], 'uris': None, 'data': None}

Action: SendCommand, Command: {""command"": ""CASMACHTHR 3""}, Invoke: 
Invoking: `SendCommand` with `{'command': 'CASMACHTHR 3'}`


, Response: CASMACHTHR: Set CAS/Mach threshold to 3.0
"
"Move aircraft A2 to coordinates 34.0522, -118.2437 at an altitude of 25000 feet, heading 270, speed 400 knots.","MOVE: Move
Instantaneously move an aircraft to a new position. If no values for the altitude, heading, speed and climb rate are provided, the aircraft will keep the old values.
Usage:
MOVE acid,lat,lon,[alt,hdg,spd,vspd]

Arguments:

Name | Type  | Required | Description     
-----+-------+----------+-----------------
acid | txt   | yes      | Aircraft ID     
lat  | float | yes      | [[Latitude      
lon  | float | yes      | [[Latitude      
alt  | float | no       | Altitude        
hdg  | float | no       | Heading         
spd  | float | no       | Speed           
vspd | float | no       | Climb Rate [fpm]

#####",1,"It seems like the aircraft A2 has been successfully moved to the specified coordinates. If you need to perform any further actions or queries, please let me know and I'll be happy to assist you.","Action: SendCommand, Command: {""command"": ""MOVE A2 34.0522 -118.2437 25000 270 400""}, Invoke: 
Invoking: `SendCommand` with `{'command': 'MOVE A2 34.0522 -118.2437 25000 270 400'}`


, Response: IC: Opened simple\bluesky_operations\A1A2A3.scn
Noise is now off
Simulation reset. Traffic data cleared.
A1 created
A2 created
A3 created
A2 moved to latitude: 34.0522, longitude: -118.2437, altitude: 7620.0, heading: 270.0, cas mach: 205.7776, vertical speed: None
"
"Move aircraft A2 to coordinates 34.0522, -118.2437 at an altitude of 25000 feet, heading 270, speed 400 knots.","MOVE: Move
Instantaneously move an aircraft to a new position. If no values for the altitude, heading, speed and climb rate are provided, the aircraft will keep the old values.
Usage:
MOVE acid,lat,lon,[alt,hdg,spd,vspd]

Arguments:

Name | Type  | Required | Description     
-----+-------+----------+-----------------
acid | txt   | yes      | Aircraft ID     
lat  | float | yes      | [[Latitude      
lon  | float | yes      | [[Latitude      
alt  | float | no       | Altitude        
hdg  | float | no       | Heading         
spd  | float | no       | Speed           
vspd | float | no       | Climb Rate [fpm]

#####",1,It seems like the aircraft A2 has been successfully moved to the specified coordinates. Would you like to perform any other actions or query any information about the aircraft or the simulation?,"Action: SendCommand, Command: {""command"": ""MOVE A2 34.0522 -118.2437 25000 270 400""}, Invoke: 
Invoking: `SendCommand` with `{'command': 'MOVE A2 34.0522 -118.2437 25000 270 400'}`


, Response: IC: Opened simple\bluesky_operations\A1A2A3.scn
Noise is now off
Simulation reset. Traffic data cleared.
A1 created
A2 created
A3 created
A2 moved to latitude: 34.0522, longitude: -118.2437, altitude: 7620.0, heading: 270.0, cas mach: 205.7776, vertical speed: None
"
